D,101,English Breakfast Tea,1.99,0,0
D,102,Decaf English Breakfast,1.99,0,0
D,103,Earl Grey Tea,2.10,0,0
D,104,Lady Grey Tea,2.10,0,0
D,105,Camomile Tea,1.95,0,0
D,106,Jasmine Green Tea,1.95,0,0
D,107,Moroccan Mint Tea,2.75,0,0
D,108,Matcha Tea,2.10,0,0
D,109,Oolong Tea,2.64,0,0
D,110,Masala Chai,2.60,0,0
D,111,Lapsang Souchong Tea,2.76,0,0
D,112,Russian Caravan Tea,2.10,0,0
D,113,Pu-erh,3.10,0,0
D,114,Hibiscus Berry Tea,2.10,0,0
D,115,Spearmint Lavender Tea,2.10,0,0
D,116,Rooibos Tea,2.10,0,0
D,117,Caffe Americano,1.99,0,0
D,118,Cafe Latte,2.15,0,0
D,119,Cappuccino,2.40,0,0
D,120,Frappuccino,2.70,0,0
D,121,Espresso,1.20,0,0
D,122,Flat White,1.37,0,0
D,123,Long Black Coffee,1.37,0,0
D,124,Macchiato,1.25,0,0
D,125,Mochaccino,1.70,0,0
D,126,Irish Coffee,2.94,0,0
D,127,Turkish Coffee,1.20,0,0
D,128,Vienna Coffee,2.10,0,0
D,129,Affogato,2.23,0,0
D,130,Orange Juice,1.10,0,0
D,131,Lemonade,1.00,0,0
F,132,Macaroon,2.98,0,2
F,133,Macaron,2.98,0,3
F,134,Acıbadem Kurabiyesi,4.10,0,2
F,135,Almond Biscuit,2.35,0,2
F,136,Aparon,2.40,0,1
F,137,Barquillo,3.73,0,-1
F,138,Berger Cookie,2.10,0,0
F,139,Berner Haselnusslebkuchen,3.70,0,1
F,140,Berner Honiglebkuchen,3.65,0,1
F,141,Biscotti,0.98,0,5
F,142,Boortsog,1.10,0,2
F,143,Shortbread,0.98,0,5
F,144,Chocolate Chip Cookie,2.12,0,3
F,145,Digestive Biscuit,0.98,0,5
F,146,Gingerbread Man,1.25,0,3
F,147,Ghorabiye,2.70,0,1
F,148,Hamantash,2.70,0,0
F,149,Ma'amoul,1.65,0,3
F,150,Samosa,4.46,0,1
F,151,Apple Strudel,4.46,0,1
F,152,Chatti Pathiri,3.15,0,2
F,153,Cinnamon Roll,3.12,0,1
F,154,Cornish Pasty,5.48,0,1
F,155,Crepe,3.20,0,0
F,156,Croissant,1.20,0,1
F,157,Danish Pastry,3.45,0,2
F,158,Eclair,4.75,0,1
F,159,Gibanica,3.73,0,2
F,160,Ocpocmaq,3.78,0,2
F,161,Pretzel,2.99,0,4
F,162,Taiyaki,4.17,0,3
F,163,Char Siu Sou,3.95,0,2