101,5,This is the best one I ever had
101,2,Very small - expected more
101,4,I liked it
101,4,Good choice
101,3,Could have been better
102,5,Can't have enough
102,4,Not too bad at all
102,5,Excellent choice!
102,5,Can't have enough
102,2,Very small - expected more
103,4,Good choice
103,5,Excellent choice!
103,5,Excellent choice!
103,5,Can't have enough
104,4,Not too bad at all
104,5,Excellent choice!
105,5,Can't have enough
105,1,Does not worth it
105,4,Not too bad at all
105,2,Not good
106,4,Nice one
106,4,Nice one
106,5,Can't have enough
106,5,Can't have enough
107,4,Good choice
107,3,Could have been better
107,5,Can't have enough
108,4,Good choice
108,1,Very bad taste
108,4,Nice one
108,5,This is the best one I ever had
108,3,It's ok
110,5,This is the best one I ever had
110,4,Not too bad at all
110,1,I did not like it a bit
110,5,Excellent choice!
110,4,Nice one
110,5,Can't have enough
112,4,Good choice
112,5,Excellent choice!
112,2,You need to lower your expectations
113,4,Nice one
113,3,Not sure about it
113,2,You need to lower your expectations
113,4,Not too bad at all
113,4,Not too bad at all
113,4,Nice one
114,4,Good choice
114,2,Very small - expected more
115,4,Nice one
115,3,Could have been better
116,5,Can't have enough
116,4,Nice one
116,3,Could have been better
117,4,Nice one
117,4,Not too bad at all
117,5,Highly recommended
117,2,Not good
118,3,Nothing special
118,4,Not too bad at all
118,2,Very small - expected more
118,2,Very small - expected more
119,5,Can't have enough
119,2,You need to lower your expectations
119,4,I liked it
120,2,Not good
120,4,I liked it
120,5,Excellent choice!
120,5,This is the best one I ever had
121,5,Excellent choice!
121,5,Excellent choice!
122,4,Nice one
122,5,Highly recommended
123,4,Not too bad at all
123,5,Highly recommended
124,5,Highly recommended
125,5,This is the best one I ever had
125,3,Nothing special
125,4,Not too bad at all
126,5,Highly recommended
126,3,Could have been better
126,4,Nice one
127,3,Not sure about it
127,5,Excellent choice!
127,4,I liked it
127,5,Excellent choice!
128,1,Very bad taste
128,4,I liked it
128,4,Not too bad at all
129,4,Not too bad at all
129,5,This is the best one I ever had
129,2,Not good
129,4,I liked it
130,1,I did not like it a bit
130,5,Highly recommended
130,5,This is the best one I ever had
130,5,Can't have enough
130,5,Highly recommended
131,4,Good choice
132,5,This is the best one I ever had
132,1,I did not like it a bit
132,4,Nice one
132,5,Highly recommended
132,5,Excellent choice!
132,5,Excellent choice!
133,3,Not sure about it
133,4,Not too bad at all
133,4,Nice one
133,4,I liked it
133,5,This is the best one I ever had
133,4,Not too bad at all
133,2,Not good
134,4,Nice one
134,5,Can't have enough
137,4,Not too bad at all
137,3,It's ok
137,1,Does not worth it
138,3,It's ok
138,5,This is the best one I ever had
138,4,Nice one
139,4,Not too bad at all
139,5,Highly recommended
139,5,Highly recommended
140,4,Nice one
140,4,I liked it
141,3,Nothing special
141,1,Does not worth it
141,4,Not too bad at all
141,5,Can't have enough
142,4,Not too bad at all
143,5,Can't have enough
143,5,Excellent choice!
143,4,I liked it
143,3,Could have been better
144,4,Not too bad at all
144,5,Excellent choice!
144,4,Nice one
144,1,Very bad taste
144,4,Good choice
145,5,Can't have enough
145,3,It's ok
146,5,Can't have enough
146,3,Nothing special
146,4,Not too bad at all
146,5,Can't have enough
146,4,Good choice
147,2,Very small - expected more
147,4,Not too bad at all
148,5,This is the best one I ever had
148,5,This is the best one I ever had
149,4,Not too bad at all
149,4,I liked it
149,4,Good choice
150,5,Can't have enough
150,1,I did not like it a bit
150,5,Excellent choice!
150,4,I liked it
150,5,This is the best one I ever had
150,5,Highly recommended
150,4,Not too bad at all
151,4,Good choice
151,4,Nice one
152,5,Highly recommended
152,4,Good choice
152,4,Nice one
152,5,Can't have enough
152,4,Nice one
152,1,Very bad taste
153,5,Can't have enough
153,4,Good choice
153,5,Excellent choice!
154,5,This is the best one I ever had
155,4,Good choice
155,1,Does not worth it
155,4,I liked it
156,1,I did not like it a bit
156,5,This is the best one I ever had
156,4,I liked it
156,4,Nice one
157,5,Excellent choice!
157,3,Not sure about it
157,2,Not good
157,4,Good choice
158,5,Can't have enough
158,3,Could have been better
159,4,Not too bad at all
159,4,Not too bad at all
159,4,Not too bad at all
160,5,Highly recommended
160,4,I liked it
160,4,Nice one
160,4,I liked it
160,4,Good choice
160,5,Can't have enough
161,1,I did not like it a bit
162,1,Very bad taste
162,4,Not too bad at all
162,2,Not good
162,3,Not sure about it
163,3,Nothing special
